Zip,Street,Region,Price,Bedrooms,Bathrooms,Floorspace,Pet_friendly,Furnished
15213,3408 Parkview Avenue Apartments,"Oakland, Pittsburgh, PA",795 - 1395,1-3,1,,Y,N
15213,Dawson Village Apartments,"Oakland, Pittsburgh, PA",920,1,1,,Y,N
15213,Centre Towers Apartments,"Shadyside, Pittsburgh, PA",780 - 955,Studio-1,1,,N,N
15213,The Camelot Apartments,"North Oakland, Pittsburgh, PA",1392 - 2088,2,1-2,,N,N
15213,Schenley Apartments,"North Oakland, Pittsburgh, PA",1395 - 2750,1-2,1-2,,Y,N
15213,Oak Hill Apartments - Pittsburgh,"Terrace Village, Pittsburgh, PA",1080 - 1600,1-2,1-2,,Y,N
15213,Royal Windsor Apartments,"North Oakland, Pittsburgh, PA",825 - 969,Studio-1,1,,N,N
15213,University Commons Apartments,"North Oakland, Pittsburgh, PA",870 - 945,1,1,,N,N
15213,Neville Street Properties - Student Housing,"North Oakland, Pittsburgh, PA",1030,1,1,,N,N
15213,Sherwood Towers Apartments,"North Oakland, Pittsburgh, PA",1158 - 2497,Studio-3,1-2,,Y,N
15213,University Loft Apartments,"Oakland, Pittsburgh, PA",2575,3,2,,N,N
15213,Chalfont Apartments,"Shadyside, Pittsburgh, PA",Contact For Price,Studio-2,1-2,,Y,N
15213,Hampshire Hall Apartments,"Shadyside, Pittsburgh, PA",530 - 625,Studio-1,1,,N,Y
15213,Webster Hall Apartments,"North Oakland, Pittsburgh, PA",1850,2,2,,N,N
15213,3445 Parkview Ave #HOUSE,"Oakland, Pittsburgh, PA",2600,5,2.5,,N,N
15213,3201 Ophelia St,"Oakland, Pittsburgh, PA",1425,3,1,,N,N
15213,352 Melwood Ave,"North Oakland, Pittsburgh, PA",900,2,1,,Y,N
15213,335 Melwood Ave,"North Oakland, Pittsburgh, PA",850,2,1,,N,N
15213,514 Semple St #2,"Oakland, Pittsburgh, PA",1200,2,1,,N,N
15213,3237 Dawson St #2,"Oakland, Pittsburgh, PA",650,1,1,,N,Y
15213,3753 Childs St,"Oakland, Pittsburgh, PA",2250,4,2.5,1836 ,N,N
15213,3329 Parkview Ave,"Oakland, Pittsburgh, PA",2200,4,2,1300 ,N,N
15213,236 Meyran Ave #1,"Oakland, Pittsburgh, PA",1175,2,1,450 ,N,Y
15213,341 Meyran Ave #1,"Oakland, Pittsburgh, PA",800,1,1,,N,Y
15213,3821 Bates St #2,"Oakland, Pittsburgh, PA",800,1,1,,N,Y
15213,514 Semple St #1A,"Oakland, Pittsburgh, PA",800,1,1,,N,Y
15213,3731 Dawson St #1,"Oakland, Pittsburgh, PA",1800,4,1,,N,N
15213,309 McKee Pl,"Oakland, Pittsburgh, PA",1750,3,1,,N,N
15213,Address Not Disclosed,"Bloomfield, Pittsburgh, PA",1350,2,1,800 ,N,N
15213,512 Semple St #2,"Oakland, Pittsburgh, PA",1800,3,1,,N,Y
15213,375 Meyran Ave #3,"Oakland, Pittsburgh, PA",700,1,1,,N,N
15213,3292 Dawson St,"Oakland, Pittsburgh, PA",1800,3,1,1380 ,N,N
15213,15 Oakland Sq,"Oakland, Pittsburgh, PA",2800,4,2,2607 ,N,N
15213,336 Oakland Ave #2,"Oakland, Pittsburgh, PA",1400,2,1,,N,Y
15213,420 Oakland Ave,"Oakland, Pittsburgh, PA",1450,2,1,,N,Y
15213,3460 Dawson St #1,"Oakland, Pittsburgh, PA",2400,4,1,,N,N
15213,3359 Parkview Ave,"Oakland, Pittsburgh, PA",1650,3,1,1100 ,N,N
15213,3612 Dawson Street,"Oakland, Pittsburgh, PA",1950,3,1,,N,N
15213,416 Oakland Ave #6,"Oakland, Pittsburgh, PA",1950,3,1,,N,N
15213,3349 1/2 Parkview Ave,"Oakland, Pittsburgh, PA",1800,3,1.5,1050 ,N,N
15213,3201 Joe Hammer Sq,"Oakland, Pittsburgh, PA",1575,3,1,950 ,N,N
15213,416 Oakland Ave #4,"Oakland, Pittsburgh, PA",1875,3,1,,N,N
15213,3212 Kennett Sq,"Oakland, Pittsburgh, PA",1860,3,1,1200 ,N,N
15213,420 Semple St #2,"Oakland, Pittsburgh, PA",1800,3,1,,N,N
15213,3530 Louisa St #4,"Oakland, Pittsburgh, PA",1695,2,1,700 ,N,N
15213,3271 Kennett Sq,"Oakland, Pittsburgh, PA",1400,2,1,1248 ,N,N
15213,3709 Dawson St #3,"Oakland, Pittsburgh, PA",750,Studio,1,400 ,N,N
15213,369 Meyran Ave,"Oakland, Pittsburgh, PA",3000,4,2,1642 ,N,N
15213,3325 1/2 Parkview Ave,"Oakland, Pittsburgh, PA",1650,3,1,,N,N
15213,401 N Neville St #C,"Shadyside, Pittsburgh, PA",675,Studio,1,,N,N
15213,144 N Dithridge St,"North Oakland, Pittsburgh, PA",1700,2,1,983 ,N,Y
15213,3530 Louisa St #18,"Oakland, Pittsburgh, PA",1060,1,1,410 ,N,N
15213,3707 Dawson St,"Oakland, Pittsburgh, PA",2025,3,1,1100 ,N,N
15213,15 Boundary St #1,"Oakland, Pittsburgh, PA",2595,4,2,1350 ,N,N
15213,3325 Parkview Ave #1,"Oakland, Pittsburgh, PA",2000,4,1.5,,N,N
15213,360 Ophelia St,"Oakland, Pittsburgh, PA",2100,4,2,1500 ,N,N
15213,3705 Dawson St,"Oakland, Pittsburgh, PA",2100,3,1,1000 ,N,N
15213,355 Oakland Ave #1B,"Oakland, Pittsburgh, PA",800,Studio,1,,N,Y
15213,331 Atwood St,"Oakland, Pittsburgh, PA",3900,6,3,2958 ,N,Y
15213,336 Oakland Ave #3F,"Oakland, Pittsburgh, PA",800,Studio,1,,N,Y
15213,3614 Dawson Street,"Oakland, Pittsburgh, PA",1800 - 2000,3-4,1,,N,N
15213,3222 Kennett Sq,"Oakland, Oakland, PA",880,1,1,,N,N
15213,416 Oakland Ave #5,"Oakland, Pittsburgh, PA",1950,3,2,,N,N
15213,3322 Juliet St #1,"Oakland, Pittsburgh, PA",2100,4,2,,N,N
15213,3408 Juliet St #1,"Oakland, Pittsburgh, PA",2100,4,2,,N,N
15213,3410 Juliet St #1,"Oakland, Pittsburgh, PA",2100,4,2,,N,N
15213,335 Meyran Ave,"Oakland, Pittsburgh, PA",3900,6,3,,N,N
15213,416 Oakland Ave #7,"Oakland, Pittsburgh, PA",1875,3,1,,N,N
15213,225 Melwood Ave #15,"North Oakland, Pittsburgh, PA",1100,1,1,776 ,Y,N
15213,415 Semple St #2,"Oakland, Pittsburgh, PA",3300,6,2,,N,N
15213,3716 Orpwood St #1,"Oakland, Pittsburgh, PA",425,,,,N,N
15213,515 Cato St #3,"Oakland, Pittsburgh, PA",800,,,,N,Y
15213,351 Atwood St,"Oakland, Pittsburgh, PA",5000,8,4,1600 ,Y,N
15213,3614 Bates St,"Oakland, Pittsburgh, PA",4300,7,3,,N,N
15213,342 Meyran Ave,"Oakland, Pittsburgh, PA",5000,8,3,,N,N
15213,3325 Ward St,"Oakland, Pittsburgh, PA",2750,5,3,2600 ,N,N
15213,3228 Parkview Ave,"Oakland, Pittsburgh, PA",3100,5,1.5,1900 ,N,N
15213,3313 Juliet St,"Oakland, Pittsburgh, PA",3450,6,3,2246 ,N,N
15213,3442 Dawson St #1,"Oakland, Pittsburgh, PA",3400,6,2,2000 ,N,N
15213,21 Wellsford St #1-2,"Oakland, Pittsburgh, PA",3600,6,2,,N,N
15213,214 Dunseith St,"West Oakland, Pittsburgh, PA",3125,5,2,,N,N
15213,515 Cato St,"Oakland, Pittsburgh, PA",800,2,1,,N,N
15213,765 Broughton St #5,"Bloomfield, Oakland, PA",900,1,1,,Y,N
15213,3221 Niagara St,"Oakland, Pittsburgh, PA",1200,3,1,1984 ,Y,N
15213,264 Melwood Ave #1R,"North Oakland, Pittsburgh, PA",1200,4,2,1500 ,N,N
15213,749 S Millvale Ave #42,"Bloomfield, Pittsburgh, PA",1080,2,1,,N,N
15213,3209 Parkview Ave,"Oakland, Pittsburgh, PA",1096,2,1,1200 ,Y,N
15213,358 Ophelia St,"Oakland, Pittsburgh, PA",1600,4,2,1320 ,N,N
15213,3761 Childs St,"Oakland, Pittsburgh, PA",2250,5,3,1520 ,Y,Y
15213,264 Melwood Ave #R1,"North Oakland, Pittsburgh, PA",1200,4,2,1500 ,N,N
15213,67 Bates St,"Oakland, Pittsburgh, PA",1600,4,1.5,1798 ,Y,N
15213,155 Chesterfield Rd,"West Oakland, Pittsburgh, PA",1195,3,1,,N,N
15213,245 N Dithridge St #2,"North Oakland, Pittsburgh, PA",675,,,,N,Y
15213,306 Ophelia St,"Oakland, Pittsburgh, PA",1700,5,2,1770 ,N,N
15213,3203 Niagara St,"Oakland, Pittsburgh, PA",1350,3,2,1324 ,N,N
15213,3418 Ward St #2,"Oakland, Pittsburgh, PA",760,2,1,852 ,N,N
15213,3229 1/2 Ward St,"Oakland, Pittsburgh, PA",1695,4,1.5,,N,N
15213,35 Enfield St,"Bloomfield, Pittsburgh, PA",2000,5,2,1760 ,Y,N
15213,4 Edith Pl,"Oakland, Pittsburgh, PA",995,2,1,1102 ,N,N
15213,3444 Ward St #6,"Oakland, Pittsburgh, PA",1150,2,1,,N,N
15213,340 N Craig St #3,"North Oakland, Pittsburgh, PA",1200,2,1,600 ,Y,N
15213,344 N Craig St #4,"North Oakland, Pittsburgh, PA",1250,2,1,750 ,Y,Y
15213,3221 Juliet St,"Oakland, Pittsburgh, PA",2100,6,3,,N,N
15213,356 Ophelia St,"Oakland, Pittsburgh, PA",1800,4,2,1308 ,N,N
15213,407 Semple St #6,"Oakland, Pittsburgh, PA",1200,2,1,1350 ,N,N
15213,3235 Parkview Ave,"Oakland, Pittsburgh, PA",650,1,1,200 ,N,N
15213,3232 Parkview Ave,"Oakland, Pittsburgh, PA",1750,4,2,1200 ,N,N
15213,4 Wellsford St,"Oakland, Pittsburgh, PA",3850,7,3,,N,N
15213,3400 Juliet St,"Oakland, Pittsburgh, PA",1495,4,2,1744 ,N,N
15213,3223 Joe Hammer Sq,"Oakland, Pittsburgh, PA",2000,4,1,1675 ,N,N
15213,222 Morewood Ave #2,"Bloomfield, Pittsburgh, PA",1025,2,1,,Y,N
15213,Address Not Disclosed,"Bloomfield, Pittsburgh, PA",1300,2,1,,N,N
15213,414 McKee Pl #3,"Oakland, Pittsburgh, PA",1175,2,1,,Y,N
15213,3235 Parkview Ave #102,"Oakland, Pittsburgh, PA",650,,,,N,Y
15213,339 Oakland Ave,"Oakland, Pittsburgh, PA",3000,5,2,2630 ,N,N
15213,3327 Niagara St,"Oakland, Pittsburgh, PA",995,2,1,,Y,N
15213,3314 Dawson St,"Oakland, Pittsburgh, PA",1395,4,1,,N,N
15213,3213 Ward St #A,"Oakland, Pittsburgh, PA",1200,2,1,,Y,N
15213,Address Not Disclosed,"Oakland, Pittsburgh, PA",2900,5,2,2000 ,N,Y
15213,371 S Bouquet St,"Oakland, Pittsburgh, PA",1500,3,1,,N,N
15213,273 Robinson St,"West Oakland, Pittsburgh, PA",1495,3,1,,N,N
15213,331 Mckee Place,"Oakland, Pittsburgh, PA",1250 - 1800,2-3,1,,N,N
15213,229 N Dithridge St #3,"North Oakland, Pittsburgh, PA",1995,3,1,850 ,N,Y
15213,3319 Ward St,"Oakland, Pittsburgh, PA",1950,3,1,2203 ,N,N
15213,344 Melwood Ave #1,"North Oakland, Pittsburgh, PA",1800,4,1,,Y,N
15213,322 McKee Pl #1,"Oakland, Pittsburgh, PA",900,1,1,,Y,N
15213,Address Not Disclosed,"Bloomfield, Pittsburgh, PA",935,1,1,,N,Y
15213,4628 Bayard St #B2,"North Oakland, Pittsburgh, PA",970,1,1,605 ,N,N
15213,513 N Neville St #A4,"Shadyside, Pittsburgh, PA",975,1,1,,N,N
15213,513 N Neville St #C2,"Shadyside, Pittsburgh, PA",975,1,1,,N,N
15213,704 Enfield St,"Bloomfield, Pittsburgh, PA",1500,3,2,,Y,N
15213,328 N Craig St #B,"North Oakland, Pittsburgh, PA",900,1,1,,N,N
15213,352 Semple St,"Oakland, Pittsburgh, PA",2300,4,2,1492 ,N,N
15213,3432 Ward St,"Oakland, Oakland, PA",1500,3,2,1952 ,N,N
15213,2514 Allequippa St,"West Oakland, Pittsburgh, PA",2500,5,2.5,2225 ,N,N
15213,311 Morewood Ave #6,"Shadyside, Pittsburgh, PA",1995,3,1,1300 ,N,N
15213,416 Semple St,"Oakland, Pittsburgh, PA",2200,4,2,,N,N
15213,Address Not Disclosed,"West Oakland, Pittsburgh, PA",1900,3,1,1120 ,N,N
15213,Craig House,"North Oakland, Pittsburgh, PA",1349,2,1,,N,N
15213,21 Mackey St,"Oakland, Oakland, PA",1200,3,2,,N,N
15213,3418 Ward St #3,"Oakland, Pittsburgh, PA",750,1,1,600 ,N,N
15213,3621 Childs St,"Oakland, Pittsburgh, PA",1550,3,1,1400 ,N,N
15213,344 Melwood Ave #2,"North Oakland, Pittsburgh, PA",2000,4,2,,Y,N
15213,6 Enfield St #TWO,"Bloomfield, Pittsburgh, PA",2000,4,2,,Y,N
15213,3211 Ward St #A,"Oakland, Pittsburgh, PA",1200,2,1,,Y,N
15213,3715 Parkview Ave,"Oakland, Pittsburgh, PA",3450,6,3,2444 ,N,N
15213,221 Atwood St #A,"Oakland, Pittsburgh, PA",1500,2,1,800 ,N,N
15213,221 Atwood St #L,"Oakland, Pittsburgh, PA",1500,2,1,800 ,N,N
15213,121 Chesterfield Rd,"West Oakland, Pittsburgh, PA",1900,3,1,,N,N
15213,205 Robinson St #8,"West Oakland, Pittsburgh, PA",975,1,1,,Y,N
15213,3611 Boulevard Of The Allies,"Oakland, Pittsburgh, PA",1700,3,1.5,1400 ,N,N
15213,338 Oakland Ave,"Oakland, Pittsburgh, PA",1380,2,1,,N,N
15213,3301 Juliet St #2,"Oakland, Pittsburgh, PA",1800,3,1,,N,N
15213,4917 Centre Ave #101,"Bloomfield, Pittsburgh, PA",1499,2,1.5,1100 ,N,N
15213,3266 Niagara Sq,"Oakland, Oakland, PA",1395,2,1,,N,N
15213,376 Meyran Ave #2,"Oakland, Pittsburgh, PA",1600,3,1,20 ,N,N
15213,Address Not Disclosed,"Shadyside, Pittsburgh, PA",1475,2,2,975 ,N,N
15213,3401 Forbes Ave #108,"Oakland, Pittsburgh, PA",1450,2,1,,N,N
15213,3261 Parkview Ave,"Oakland, Pittsburgh, PA",1590,3,2,1824 ,N,N
15213,"3 bed, $1,875","Oakland, Pittsburgh, PA",1875,3,1,,Y,N
15213,3297 Kennett Sq,"Oakland, Pittsburgh, PA",1100,1,1,561 ,Y,N
15213,332 Atwood St,"Oakland, Pittsburgh, PA",2500,6,2,,N,N
15213,363 Semple St,"Oakland, Pittsburgh, PA",2500,5,2,1358 ,N,N
15213,Sussex Apartments,"Oakland, Pittsburgh, PA",780,Studio+,1,,Y,N
15213,3624 Bates St #1,"Oakland, Pittsburgh, PA",1999,3,2,,N,N
15213,417 Semple St #2,"Oakland, Pittsburgh, PA",3250,5,2,,N,N
15213,3624 Bates St #2,"Oakland, Pittsburgh, PA",1199,1,1,,N,N
15213,320 Ophelia St,"Oakland, Pittsburgh, PA",2100,4,3,,N,N
15213,336 Joncaire St,"Oakland, Pittsburgh, PA",2000,4,2,,N,N
15213,3410 Allequippa St,"West Oakland, Pittsburgh, PA",2200,3,1.5,930 ,N,N
15213,373 Semple St,"Oakland, Pittsburgh, PA",3700,6,2,,N,N
15213,263 Robinson St,"West Oakland, Pittsburgh, PA",1595,3,2,2250 ,N,N
15213,3202 Niagara St,"Oakland, Pittsburgh, PA",1600,3,2,,N,N
15213,352 N Craig St #4,"North Oakland, Pittsburgh, PA",1295,3,3,,N,N
15213,King Edward Annex,"North Oakland, Pittsburgh, PA",1100,1,1,,Y,N
15213,18 Wellsford St #1-2,"Oakland, Pittsburgh, PA",3300,6,2,,N,N
15213,352 S Bouquet St,"Oakland, Oakland, PA",3800,5,2,,N,N
15213,166 N Dithridge St #5J,"North Oakland, Oakland, PA",1000,1,1,,N,N
15213,3720 Parkview Ave,"Oakland, Pittsburgh, PA",2400,3,1.5,,N,N
15213,311 Meyran Ave #1,"Oakland, Pittsburgh, PA",2600,4,1,,N,N
15213,412 Morewood Ave,"Shadyside, Pittsburgh, PA",3250,3,3,2150 ,N,Y
15213,367 S Bouquet St,"Oakland, Pittsburgh, PA",5400,6,3,,N,N
15213,12 Ellsworth Ter,"Shadyside, Oakland, PA",3350,3,2.5,,Y,N
15213,504 N Neville St #12,"North Oakland, Oakland, PA",3500,2,2,,Y,N
15213,3526 Frazier St,"Oakland, Oakland, PA",3000,3,3.5,,Y,N
15217,Phillips Ave Apartments,"Squirrel Hill South, Pittsburgh, PA",905,1,1,,N,N
15217,Wendover Apartments,"Squirrel Hill South, Pittsburgh, PA",1070 - 1535,1-2,1,,Y,N
15217,Maxon Towers Apartments,"Squirrel Hill North, Pittsburgh, PA",1360 - 3200,1-3,1-2,,N,N
15217,Morrowfield Apartments,"Squirrel Hill South, Pittsburgh, PA",840 - 1275,Studio-1,1,,Y,N
15217,Hobart Court Apartments,"Squirrel Hill South, Pittsburgh, PA",1388 - 1703,2,1,,Y,N
15217,Hempstead Properties,"Squirrel Hill South, Pittsburgh, PA",1396 - 1581,2,1,,Y,N
15217,Walnut Towers at Frick Park Apartments,"Squirrel Hill South, Pittsburgh, PA",1215 - 2110,1-2,1-1.5,,Y,Y
15217,Forbes Terrace Apartments,"Squirrel Hill North, Pittsburgh, PA",2235 - 4038,3-4,1-2.5,,Y,N
15217,The Gateway at Summerset Apartments,"Squirrel Hill South, Pittsburgh, PA",1511 - 2644,1-2,1-2,,Y,N
15217,Walnut on Wightman Apartments,"Squirrel Hill South, Pittsburgh, PA",3380,4,2.5,,Y,N
15217,Beacon Commons Apartments,"Squirrel Hill South, Pittsburgh, PA",Contact For Price,3,1.5-2,,Y,N
15217,Walnut on the Park Apartments,"Squirrel Hill South, Pittsburgh, PA",Contact For Price,1-2,1,,Y,N
15217,4350 Murray Ave #1,"Greenfield, Pittsburgh, PA",800,2,1,1100 ,Y,N
15217,Address Not Disclosed,"Greenfield, Pittsburgh, PA",850,3,1,,N,N
15217,4111 Windsor St,"Greenfield, Pittsburgh, PA",1295,3,1,1700 ,N,N
15217,2360 Eldridge St,"Squirrel Hill South, Pittsburgh, PA",1050,2,1,,Y,N
15217,6212 Monitor St,"Squirrel Hill South, Pittsburgh, PA",1695,4,2,1897 ,N,N
15217,3633 Beechwood Blvd,"Greenfield, Pittsburgh, PA",1195,3,1.5,1232 ,Y,N
15217,5680 Forward Ave #11,"Squirrel Hill South, Pittsburgh, PA",750,1,1,750 ,N,N
15217,1655 Beechwood Blvd,"Squirrel Hill North, Squirrel Hill, PA",1895,4,2,,Y,N
15217,1512 Denniston St,"Squirrel Hill North, Pittsburgh, PA",1750,3,1,1560 ,N,N
15217,6359 Alderson St,"Squirrel Hill South, Squirrel Hill, PA",1250,2,1,,N,N
15217,5855 Darlington Rd #C3,"Squirrel Hill South, Pittsburgh, PA",825,Studio,1,400 ,Y,N
15217,3621 Beechwood Blvd,"Greenfield, Pittsburgh, PA",1800,3,1.5,1624 ,Y,N
15217,1041 Mirror St,"Greenfield, Pittsburgh, PA",1650,3,2,1411 ,Y,Y
15217,3992 Beechwood Blvd,"Greenfield, Pittsburgh, PA",1295,2,1,1200 ,N,N
15217,2325-2327 Eldridge St #6,"Squirrel Hill South, Pittsburgh, PA",1045,1,1,447 ,Y,N
15217,3994 Beechwood Blvd,"Greenfield, Pittsburgh, PA",1300,2,1,1000 ,Y,N
15217,6330 Alderson St,"Squirrel Hill South, Pittsburgh, PA",1595,2,1.5,,Y,N
15217,5623 Melvin St,"Squirrel Hill South, Pittsburgh, PA",1125,3,1,1000 ,N,N
15217,780 Hazelwood Ave,"Greenfield, Pittsburgh, PA",925,3,1,,Y,N
15217,5954 Phillips Ave,"Squirrel Hill South, Pittsburgh, PA",1500,4,1,1100 ,Y,N
15217,Address Not Disclosed,"Greenfield, Pittsburgh, PA",1025,2,1,1600 ,N,N
15217,1400 Severn St #2,"Squirrel Hill North, Pittsburgh, PA",1075,2,1,750 ,N,N
15217,3518 Beechwood Blvd #2,"Greenfield, Pittsburgh, PA",1350,3,1,1200 ,Y,N
15217,4016 Murray Ave,"Greenfield, Pittsburgh, PA",995,3,1,1484 ,N,N
15217,5860 Forward Ave #5,"Squirrel Hill South, Pittsburgh, PA",1050,2,1,1100 ,N,N
15217,2357 Tilbury Ave,"Squirrel Hill South, Pittsburgh, PA",1249,3,1,,N,N
15217,2421 Beechwood Blvd #2421A,"Squirrel Hill South, Pittsburgh, PA",1300,3,1,800 ,N,N
15217,90 Lilac St,"Greenfield, Pittsburgh, PA",950,3,1,,Y,N
15217,Address Not Disclosed,"Squirrel Hill South, Pittsburgh, PA",2600,7,4,2950 ,Y,N
15217,Address Not Disclosed,"Squirrel Hill South, Pittsburgh, PA",850,,,,N,Y
15217,906 Greenfield Ave #2,"Greenfield, Pittsburgh, PA",895,4,1.5,650 ,N,N
15217,6535 Dalzell Pl #3,"Squirrel Hill North, Pittsburgh, PA",800,,,,N,Y
15217,4106 Saline St,"Greenfield, Pittsburgh, PA",1500,4,1.5,,N,N
15217,Address Not Disclosed,"Squirrel Hill North, Pittsburgh, PA",600,,,,N,N
15217,2552 Beechwood Blvd,"Squirrel Hill South, Pittsburgh, PA",1450,3,1,1400 ,N,N
15217,2608 Shady Ave,"Squirrel Hill South, Pittsburgh, PA",1425,3,1,,N,N
15217,764 Hazelwood Ave #2,"Greenfield, Pittsburgh, PA",1295,3,2,,N,N
15217,5858 Morrowfield Ave,"Squirrel Hill South, Pittsburgh, PA",995,2,1,1000 ,N,N
15217,1303 Denniston St,"Point Breeze, Pittsburgh, PA",3000,6,2,3324 ,Y,N
15217,5860 Forward Ave #1A,"Squirrel Hill South, Pittsburgh, PA",800,1,1,,N,N
15217,6325 Monitor St #2,"Squirrel Hill South, Pittsburgh, PA",1100,2,1,,N,N
15217,6325 Monitor St #1,"Squirrel Hill South, Pittsburgh, PA",1100,2,1,,N,N
15217,5854 Morrowfield Ave,"Squirrel Hill South, Pittsburgh, PA",995,2,1,1500 ,N,N
15217,5856 Alderson St #245,"Squirrel Hill South, Pittsburgh, PA",1150,2,1,,N,N
15217,2324 Sherbrook St,"Squirrel Hill South, Squirrel Hill, PA",2300,4,3.5,,Y,N
15217,Address Not Disclosed,"Squirrel Hill South, Pittsburgh, PA",2400,4,3,2958 ,N,N
15217,5854 Forbes Ave,"Squirrel Hill South, Pittsburgh, PA",1225,2,1,1000 ,Y,N
15217,1430 Severn St,"Squirrel Hill North, Pittsburgh, PA",1250,2,1,,N,N
15217,2334 Tilbury Ave,"Squirrel Hill South, Pittsburgh, PA",2250,4,1.5,,N,N
15217,2332 Sherbrook St,"Squirrel Hill South, Pittsburgh, PA",1325,3,2,1332 ,N,N
15217,2421 Beechwood Blvd #C,"Squirrel Hill South, Pittsburgh, PA",1275,2,1,774 ,N,N
15217,5862 Forbes Ave #3,"Squirrel Hill South, Pittsburgh, PA",860,1,1,533 ,Y,N
15217,Address Not Disclosed,"Greenfield, Pittsburgh, PA",890,1,1,760 ,N,N
15217,5637 Hobart St #3,"Squirrel Hill South, Pittsburgh, PA",860,1,1,,N,N
15217,6618 Dalzell Pl,"Squirrel Hill North, Pittsburgh, PA",845,Studio,1,,N,N
15217,747 McCaslin St,"Greenfield, Squirrel Hill, PA",1750,5,1.5,,Y,N
15217,5710 Phillips Ave #A15,"Squirrel Hill South, Pittsburgh, PA",1325,2,1,,N,N
15217,5706 Darlington Rd #2,"Squirrel Hill South, Pittsburgh, PA",1600,3,1,,N,N
15217,569 Loretto Rd,"Greenfield, Pittsburgh, PA",1350,2,1,796 ,Y,N
15217,20 Unger Ln,"Squirrel Hill North, Squirrel Hill, PA",2750,4,2.5,,N,N
15217,786 Hazelwood Ave,"Greenfield, Pittsburgh, PA",1000,2,1.5,1100 ,Y,N
15217,Address Not Disclosed,"Squirrel Hill South, Pittsburgh, PA",1295,2,1,,Y,N
15217,2421 Beechwood Blvd #B,"Squirrel Hill South, Pittsburgh, PA",1300,2,1,,N,N
15217,5706 Darlington Rd #3,"Squirrel Hill South, Pittsburgh, PA",1550,3,1,,N,N
15217,5454 Covode Pl #B,"Squirrel Hill South, Pittsburgh, PA",1400,2,1,900 ,N,N
15217,1663 Beechwood Blvd,"Squirrel Hill North, Squirrel Hill, PA",2200,4,2,,N,N
15217,5609 Darlington Rd,"Squirrel Hill South, Pittsburgh, PA",750,1,1,120 ,N,Y
15217,2347 Tilbury Ave #2,"Squirrel Hill South, Pittsburgh, PA",1395,2,1,,N,N
15217,1133 Wightman St,"Squirrel Hill North, Squirrel Hill, PA",3650,5,4,,N,N
15217,5839 Darlington Rd #14,"Squirrel Hill South, Pittsburgh, PA",1350,2,1,850 ,N,N
15217,2875 Fernwald Rd,"Squirrel Hill South, Squirrel Hill, PA",1600,3,1,,N,N
15217,2610 Shady Ave,"Squirrel Hill South, Pittsburgh, PA",1500,3,1,,N,N
15217,6525 Northumberland St,"Squirrel Hill North, Pittsburgh, PA",1600,3,1.5,,Y,N
15217,3062 Beechwood Blvd,"Squirrel Hill South, Pittsburgh, PA",1850,3,2.5,1500 ,Y,Y
15217,5807 Bartlett St #346,"Squirrel Hill South, Pittsburgh, PA",950,1,1,,N,N
15217,Address Not Disclosed,"Squirrel Hill South, Pittsburgh, PA",1450,2,1,,Y,N
15217,Address Not Disclosed,"Greenfield, Pittsburgh, PA",1575,3,1.5,1300 ,N,N
15217,5942 Phillips Ave #1,"Squirrel Hill South, Pittsburgh, PA",1400,2,1,1400 ,N,N
15217,6350 Forward Ave #24,"Squirrel Hill South, Pittsburgh, PA",1595,3,2,900 ,N,N
15217,6319 Monitor St #1,"Squirrel Hill South, Pittsburgh, PA",1050,1,1,,Y,N
15217,5917 Nicholson St,"Squirrel Hill South, Pittsburgh, PA",1600,3,1,1250 ,Y,N
15217,6350 Forward Ave #25,"Squirrel Hill South, Pittsburgh, PA",1550,3,2,,N,N
15217,6374 Morrowfield Ave,"Squirrel Hill South, Squirrel Hill, PA",1550,3,1,,N,N
15217,5555 Hobart St,"Squirrel Hill South, Pittsburgh, PA",1393,2,1,846 ,N,N
15217,5615 Hempstead Rd,"Squirrel Hill South, Pittsburgh, PA",1411,2,1,1073 ,N,N
15217,5837 Darlington Rd #10,"Squirrel Hill South, Pittsburgh, PA",795,Studio,1,,N,N
15217,2331 Tilbury Ave,"Squirrel Hill South, Pittsburgh, PA",1850,3,1.5,1584 ,Y,N
15217,5549 Phillips Ave,"Squirrel Hill South, Pittsburgh, PA",1295,2,1,,Y,N
15217,6350 Forward Ave #15R,"Squirrel Hill South, Pittsburgh, PA",1550,3,2,900 ,N,N
15217,1005 Parkview Blvd #A,"Squirrel Hill South, Pittsburgh, PA",1915,2,2,1228 ,Y,N
15217,36 Timberline Ct,"Squirrel Hill South, Pittsburgh, PA",1695,3,2,1356 ,N,N
15217,5361 Beeler St,"Squirrel Hill North, Pittsburgh, PA",2800,3,2,,N,N
15217,2347 Tilbury St,"Squirrel Hill South, Pittsburgh, PA",1395,2,1,,N,N
15217,Address Not Disclosed,"Squirrel Hill North, Pittsburgh, PA",1350,2,1,1200 ,N,N
15217,6316 Morrowfield Ave #1,"Squirrel Hill South, Squirrel Hill, PA",2200,3,2,,N,N
15217,5712 Solway St,"Squirrel Hill North, Squirrel Hill, PA",2200,3,1.5,,Y,N
15217,6350 Forward Ave #15,"Squirrel Hill South, Pittsburgh, PA",1350,2,2,900 ,N,N
15217,775 Greenfield Ave,"Greenfield, Pittsburgh, PA",1500,3,1,,N,N
15217,5463 Fair Oaks St,"Squirrel Hill North, Pittsburgh, PA",3500,4,4,2125 ,Y,N
15217,5222 Beeler St,"Squirrel Hill North, Pittsburgh, PA",2250,3,2,1628 ,N,N
15217,5837 Darlington Rd #2,"Squirrel Hill South, Pittsburgh, PA",795,Studio,1,,N,N
15217,2123 Shady Ave #B11,"Squirrel Hill South, Pittsburgh, PA",1650,2,2,1000 ,Y,N
15217,5512 Bartlett St,"Squirrel Hill South, Squirrel Hill, PA",3000,5,3.5,,N,N
15217,1530 Overton Ln,"Squirrel Hill South, Pittsburgh, PA",3500,3,3,2457 ,N,Y
15217,1619 Shady Ave,"Squirrel Hill North, Pittsburgh, PA",3790,3,3,2867 ,N,N
15217,6524 Dalzell Pl,"Squirrel Hill North, Squirrel Hill, PA",3500,3,2.5,,N,N
15232,Royal Gardens Apartments,"Squirrel Hill North, Pittsburgh, PA",899 - 2045,1-3,1-2,,N,N
15232,5914-5920 Walnut Street Apartments,"Shadyside, Pittsburgh, PA",1174 - 1479,1-2,1,,Y,N
15232,Thames Manor Apartments,"Shadyside, Pittsburgh, PA",730 - 1055,Studio-1,1,,Y,N
15232,Georgian Apartments,"Shadyside, Pittsburgh, PA",1110 - 1180,1,1,,Y,N
15232,Brett Apartments,"Shadyside, Pittsburgh, PA",1165 - 1395,1-2,1,,Y,N
15232,Arlington Apartments,"Shadyside, Pittsburgh, PA",645 - 1300,Studio-1,1,,Y,N
15232,Howe and Maryland Apartments,"Shadyside, Pittsburgh, PA",1355,1,1,,Y,N
15232,5520 5th Ave,"Squirrel Hill North, Pittsburgh, PA",1280,1,1,744 ,Y,N
15232,Ollie at Baumhaus Apartments,"Friendship, Pittsburgh, PA",1749 - 2779,Studio-2,1-2,,Y,N
15232,Elwood Gardens Apartments,"Shadyside, Pittsburgh, PA",999 - 1909,1-3,1-2,,Y,N
15232,Shadyside Commons Apartments,"Shadyside, Pittsburgh, PA",1760 - 2085,1,1-1.5,,Y,N
15232,Holden Street Apartments,"Shadyside, Pittsburgh, PA",Contact For Price,2-3,1,,Y,N
15232,College Manor Apartments,"Shadyside, Pittsburgh, PA",1111,1,1,,Y,N
15232,740 S Negley Avenue Apartments,"Shadyside, Pittsburgh, PA",1174,1,1,,Y,N
15232,5506 5th Ave #316,"Squirrel Hill North, Pittsburgh, PA",1750,3,1,800 ,N,N
15232,5715 Elmer St #2,"Shadyside, Pittsburgh, PA",1395,2,1,1250 ,N,N
15232,5721 Elmer St #1,"Shadyside, Pittsburgh, PA",1395,2,1,1250 ,N,N
15232,5700 5th Ave #A23,"Squirrel Hill North, Pittsburgh, PA",925,1,1,,Y,N
15232,5706 Walnut St #1,"Shadyside, Pittsburgh, PA",895,1,1,600 ,N,N
15232,819 College Ave #2,"Shadyside, Pittsburgh, PA",1050,1,1,,N,N
15232,5506 5th Ave #207,"Squirrel Hill North, Pittsburgh, PA",1450,2,1,750 ,N,N
15232,700 College Ave #1,"Shadyside, Pittsburgh, PA",1215,1,1,,Y,N
15232,819 College Avenue,"Shadyside, Pittsburgh, PA",1110 - 1400,1-2,1,,N,N
15232,5519 Baum Blvd #2,"Friendship, Pittsburgh, PA",1225,1,1,,Y,N
15232,700 Ivy St #5,"Shadyside, Pittsburgh, PA",900,1,1,,Y,N
15232,631 S Negley Ave #3,"Shadyside, Pittsburgh, PA",1500,2,1,1300 ,N,N
15232,700 Ivy St #2,"Shadyside, Pittsburgh, PA",1100,1,1,,Y,N
15232,727 Bellefonte St #REAR,"Shadyside, Pittsburgh, PA",1395,2,1,900 ,Y,N
15232,661 College St #1,"Shadyside, Pittsburgh, PA",1000,1,1,,Y,N
15232,203 Lehigh Ave #2,"Shadyside, Pittsburgh, PA",975,1,1,,Y,N
15232,707 College Ave #1,"Shadyside, Pittsburgh, PA",1850,1,1,,N,N
15232,5511 Baum Blvd #7,"Friendship, Pittsburgh, PA",1500,1,1,,Y,N
15232,700 Ivy St #4,"Shadyside, Pittsburgh, PA",1500,2,1,,Y,N
15232,5747 Kentucky Ave #1,"Shadyside, Pittsburgh, PA",1800,2,1.5,1800 ,N,N
15232,707 Filbert St,"Shadyside, Shadyside, PA",1950,2,1.5,,N,N
15232,"4 bed, 1395 sqft","Shadyside, Pittsburgh, PA",Contact For Price,4,2,,N,N
15232,803 S Negley Ave #1,"Shadyside, Pittsburgh, PA",1500,3,1,1600 ,N,N
15232,608 Filbert St #3,"Shadyside, Pittsburgh, PA",1000,2,1,700 ,Y,N
15232,631 College Ave #1,"Shadyside, Pittsburgh, PA",1010,2,1,,N,N
15232,803 S Negley Ave,"Shadyside, Pittsburgh, PA",1450,3,1,1800 ,N,N
15232,5917 Walnut St #256,"Shadyside, Pittsburgh, PA",850,1,1,,N,N
15232,767 College Ave,"Shadyside, Shadyside, PA",925,1,1,,N,N
15232,5400 Howe St #4,"Shadyside, Pittsburgh, PA",900,Studio,1,600 ,N,N
15232,803 S Negley Ave #6,"Shadyside, Pittsburgh, PA",533,,,,N,Y
15232,912 Maryland Ave #4A,"Shadyside, Pittsburgh, PA",1100,2,1,,N,N
15232,440 S Graham St #3,"Bloomfield, Pittsburgh, PA",950,2,1,,N,N
15232,5735 Ellsworth Ave,"Shadyside, Pittsburgh, PA",750,1,1,,Y,N
15232,307 S Graham St #1,"Friendship, Pittsburgh, PA",1800,4,1,1800 ,Y,N
15232,5738 Howe St #2,"Shadyside, Pittsburgh, PA",1325,2,1,2600 ,Y,N
15232,5124 5th Ave #2,"Squirrel Hill North, Pittsburgh, PA",995,,,,N,Y
15232,5700 5th Ave #C31,"Squirrel Hill North, Pittsburgh, PA",795,1,1,750 ,Y,N
15232,632 Summerlea St #1,"Shadyside, Pittsburgh, PA",1095,2,1,875 ,N,N
15232,5977 Alder St #4,"Shadyside, Pittsburgh, PA",1095,2,1,,N,N
15232,5822 Holden St #3,"Shadyside, Shadyside, PA",845,1,1,,N,N
15232,5517 Claybourne St #2,"Shadyside, Pittsburgh, PA",1350,2,1,1000 ,N,N
15232,5700 5th Ave #A24,"Squirrel Hill North, Pittsburgh, PA",895,1,1,775 ,Y,N
15232,237 Lehigh Ave #2,"Shadyside, Pittsburgh, PA",1250,2,1,,N,N
15232,5731 Ellsworth Ave #S1,"Shadyside, Pittsburgh, PA",1030,1,1,620 ,Y,N
15232,5700 5th Ave #A32,"Squirrel Hill North, Pittsburgh, PA",800,1,1,,Y,N
15232,5551 Centre Ave #112,"Friendship, Pittsburgh, PA",980,1,1,470 ,N,N
15232,The Bentley,"Shadyside, Pittsburgh, PA",1299,2,1,,Y,N
15232,Walnut on Howe Townhomes,"Shadyside, Pittsburgh, PA",Contact For Price,4,2.5,,Y,N
15232,S. Negley Avenue,"Shadyside, Pittsburgh, PA",Contact For Price,1-2,1,,Y,N
15232,5729 Holden St #2,"Shadyside, Pittsburgh, PA",1800,3,2,1850 ,N,N
15232,Thames Manor Apartments,"Shadyside, Pittsburgh, PA",790 - 990,Studio-1,1,,Y,N
15232,5729 Holden St #3,"Shadyside, Pittsburgh, PA",1800,3,2,1800 ,N,N
15232,337 Spahr St #1,"Shadyside, Pittsburgh, PA",1395,2,1,1000 ,N,N
15232,5506 5th Avenue,"Squirrel Hill North, Pittsburgh, PA",1425 - 1750,2-3,1,,N,N
15232,724 Maryland Ave,"Shadyside, Pittsburgh, PA",4200,4,2,2500 ,N,Y
15232,5746 Howe St #2,"Shadyside, Pittsburgh, PA",1890,3,2,1800 ,Y,N
15232,717 Copeland St,"Shadyside, Pittsburgh, PA",2900,4,3,1650 ,N,N
15232,302 S Negley Ave #6,"Friendship, Pittsburgh, PA",1095,1,1,,Y,N
15232,5741 Elmer St,"Shadyside, Pittsburgh, PA",1920,3,2,,N,N
15232,5531 Howe St #1,"Shadyside, Pittsburgh, PA",1500,2,1,1100 ,N,N
15232,5614 Walnut St,"Shadyside, Pittsburgh, PA",1100,1,1,,N,N
15232,5523 Ellsworth Ave #3C,"Shadyside, Pittsburgh, PA",1800,2,2,1045 ,Y,N
15232,Elmer Street Apartments,"Shadyside, Pittsburgh, PA",2203 - 2868,3,2.5,,Y,N
15232,6111 5th Ave #401,"Shadyside, Pittsburgh, PA",3155,2,2.5,,Y,N
15232,5730 Ellsworth Ave,"Shadyside, Pittsburgh, PA",2350,2,2.5,1320 ,N,N
15232,5537 5th Ave #2,"Shadyside, Pittsburgh, PA",1900,1,1,,N,Y
15232,5537 5th Ave #6,"Shadyside, Pittsburgh, PA",1900,1,1,,N,Y
15232,5537 5th Ave #3,"Shadyside, Pittsburgh, PA",1300,1,1,,N,Y
15232,5537 5th Ave #5,"Shadyside, Pittsburgh, PA",1900,1,1,,N,Y
15232,Address Not Disclosed,"Shadyside, Pittsburgh, PA",2500,2,2.5,1400 ,N,N
15232,641 Maryland Ave #2,"Shadyside, Pittsburgh, PA",1295,1,1,700 ,Y,N
15232,5523 Ellsworth Ave #5C,"Shadyside, Shadyside, PA",1500,2,2,,N,N
15232,5746 Howe St,"Shadyside, Pittsburgh, PA",1995,3,2,,Y,N
15232,730 S Negley Ave #42,"Shadyside, Pittsburgh, PA",1350,1,1,558 ,N,N
15232,6111 5th Ave #301,"Shadyside, Pittsburgh, PA",3300,2,2.5,2800 ,Y,N
15232,Address Not Disclosed,"Shadyside, Pittsburgh, PA",2500,4,3,,N,N
15232,705 Copeland St #2,"Shadyside, Shadyside, PA",4000,2,2.5,,Y,N
15232,5525 Ellsworth Ave #13,"Shadyside, Pittsburgh, PA",840,Studio,1,410 ,Y,N
15232,5537 5th Ave #7,"Shadyside, Pittsburgh, PA",1400,Studio,1,,N,Y
15232,5934 Elwood St #PENTHOUSE,"Shadyside, Pittsburgh, PA",2745,2,2.5,,N,N
